mode,tag,seed,train_datasets,test_dataset,n_train,n_test,attn_proxy_text,attn_proxy_egemap,attn_proxy_deep,accuracy,f1_weighted,f1_macro,auc_roc,brier_score,mcc,sensitivity,specificity,precision_dem,precision_ctrl
linguistic,PA->T,42,"['pitt', 'adress']",taukadial,633,102,,,,0.5588235294117647,0.5581734019867894,0.5490716180371353,0.6095219435736676,0.3496668636798858,0.098251556691525,0.6206896551724138,0.4772727272727273,0.6101694915254238,0.4883720930232558
linguistic,PA->T,43,"['pitt', 'adress']",taukadial,633,102,,,,0.6176470588235294,0.6181327049627863,0.61133365901319,0.6365595611285266,0.3503402769565582,0.222787508115255,0.6551724137931034,0.5681818181818182,0.6666666666666666,0.5555555555555556
linguistic,PA->T,44,"['pitt', 'adress']",taukadial,633,102,,,,0.6666666666666666,0.6626682660269225,0.6533386645341863,0.6702586206896551,0.3025580048561096,0.3114867668772045,0.7586206896551724,0.5454545454545454,0.6875,0.631578947368421
acoustic_egemaps,PA->T,42,"['pitt', 'adress']",taukadial,633,102,,,,0.5784313725490197,0.524931834478604,0.497191333256907,0.5932601880877743,0.2533209323883056,0.0885267789745638,0.8620689655172413,0.2045454545454545,0.5882352941176471,0.5294117647058824
acoustic_egemaps,PA->T,43,"['pitt', 'adress']",taukadial,633,102,,,,0.6078431372549019,0.5790080738177624,0.5588235294117647,0.6128526645768024,0.2465447187423706,0.170196130779287,0.8275862068965517,0.3181818181818182,0.6153846153846154,0.5833333333333334
acoustic_egemaps,PA->T,44,"['pitt', 'adress']",taukadial,633,102,,,,0.6078431372549019,0.546713347596951,0.5181861124232404,0.6634012539184952,0.2478664815425872,0.1703182766245573,0.913793103448276,0.2045454545454545,0.6022727272727273,0.6428571428571429
acoustic_w2v,PA->T,42,"['pitt', 'adress']",taukadial,633,102,,,,0.4215686274509804,0.3788960329690443,0.3959650707618187,0.5293887147335423,0.4081834554672241,-0.0984505308574753,0.1896551724137931,0.7272727272727273,0.4782608695652174,0.4050632911392405
acoustic_w2v,PA->T,43,"['pitt', 'adress']",taukadial,633,102,,,,0.4411764705882353,0.3999504047328054,0.4164408310749774,0.5203761755485894,0.3716344237327575,-0.0510828226147277,0.2068965517241379,0.75,0.5217391304347826,0.4177215189873418
acoustic_w2v,PA->T,44,"['pitt', 'adress']",taukadial,633,102,,,,0.4313725490196078,0.409536541889483,0.4204545454545454,0.4698275862068966,0.288960188627243,-0.0894441794250461,0.2586206896551724,0.6590909090909091,0.5,0.4027777777777778
acoustic_hubert,PA->T,42,"['pitt', 'adress']",taukadial,633,102,,,,0.392156862745098,0.3574229691876751,0.3726190476190476,0.4917711598746081,0.4624830186367035,-0.1718911430242838,0.1896551724137931,0.6590909090909091,0.4230769230769231,0.3815789473684211
acoustic_hubert,PA->T,43,"['pitt', 'adress']",taukadial,633,102,,,,0.4313725490196078,0.4140809540190345,0.4233918128654971,0.4827586206896552,0.4760569036006927,-0.093687936614511,0.2758620689655172,0.6363636363636364,0.5,0.4
acoustic_hubert,PA->T,44,"['pitt', 'adress']",taukadial,633,102,,,,0.4215686274509804,0.3854562635569014,0.40077666036045,0.5070532915360502,0.4957669079303741,-0.1019653788533773,0.2068965517241379,0.7045454545454546,0.48,0.4025974025974026
interaction_only,PA->T,42,"['pitt', 'adress']",taukadial,633,102,,,,0.5980392156862745,0.5993152816682229,0.5976911976911977,0.5768025078369905,0.3628391623497009,0.2094650968721561,0.5517241379310345,0.6590909090909091,0.6808510638297872,0.5272727272727272
interaction_only,PA->T,43,"['pitt', 'adress']",taukadial,633,102,,,,0.6470588235294118,0.6470588235294118,0.640282131661442,0.6418495297805643,0.3319995701313019,0.280564263322884,0.6896551724137931,0.5909090909090909,0.6896551724137931,0.5909090909090909
interaction_only,PA->T,44,"['pitt', 'adress']",taukadial,633,102,,,,0.6176470588235294,0.6193048179865452,0.6167260815107428,0.6561520376175549,0.3193817138671875,0.2431632970623485,0.5862068965517241,0.6590909090909091,0.6938775510204082,0.5471698113207547
fusion_gated,PA->T,42,"['pitt', 'adress']",taukadial,633,102,0.7837454080581665,0.0700121000409126,0.1462424844503402,0.5784313725490197,0.4880914755006089,0.4519555166812445,0.63891065830721,0.3670381605625152,0.0780012903810506,0.9310344827586208,0.1136363636363636,0.5806451612903226,0.5555555555555556
fusion_gated,PA->T,43,"['pitt', 'adress']",taukadial,633,102,0.410008043050766,0.1004446744918823,0.4895473122596741,0.6274509803921569,0.6183533242356771,0.6056166056166056,0.6716300940438871,0.2298305481672287,0.2239570043823417,0.7586206896551724,0.4545454545454545,0.6470588235294118,0.5882352941176471
fusion_gated,PA->T,44,"['pitt', 'adress']",taukadial,633,102,0.852642834186554,0.0509163960814476,0.0964407995343208,0.6176470588235294,0.6120055971801548,0.6007226738934056,0.6347962382445141,0.3196057677268982,0.2074747469741258,0.7241379310344828,0.4772727272727273,0.6461538461538462,0.5675675675675675
fusion_attn,PA->T,42,"['pitt', 'adress']",taukadial,633,102,0.4871442914009094,0.2627243399620056,0.2501313090324402,0.6274509803921569,0.5612839730486789,0.5323359073359073,0.6720219435736677,0.3521954119205475,0.2349158901481467,0.9482758620689656,0.2045454545454545,0.6111111111111112,0.75
fusion_attn,PA->T,43,"['pitt', 'adress']",taukadial,633,102,0.5169364809989929,0.2456303536891937,0.2374332398176193,0.6372549019607843,0.6240948472412221,0.6099224806201551,0.6461598746081506,0.3349395096302032,0.2421929717455017,0.7931034482758621,0.4318181818181818,0.647887323943662,0.6129032258064516
fusion_attn,PA->T,44,"['pitt', 'adress']",taukadial,633,102,0.546135425567627,0.2273079752922058,0.2265566289424896,0.6176470588235294,0.6170836150552175,0.6091954022988506,0.6144200626959248,0.3639400601387024,0.2185114620819515,0.6724137931034483,0.5454545454545454,0.6610169491525424,0.5581395348837209
linguistic,PT->A,42,"['pitt', 'taukadial']",adress,597,138,,,,0.8913043478260869,0.8912186932538458,0.8912529550827423,0.9619747899159664,0.0955574363470077,0.7848510562236138,0.9264705882352942,0.8571428571428571,0.863013698630137,0.9230769230769232
linguistic,PT->A,43,"['pitt', 'taukadial']",adress,597,138,,,,0.8913043478260869,0.8909438410565709,0.891023953672019,0.9485294117647058,0.0949389412999153,0.7896971254609365,0.9558823529411764,0.8285714285714286,0.8441558441558441,0.9508196721311476
linguistic,PT->A,44,"['pitt', 'taukadial']",adress,597,138,,,,0.8695652173913043,0.8680150586845796,0.8682088285229201,0.952310924369748,0.1115260794758796,0.7605478550904076,0.9852941176470588,0.7571428571428571,0.7976190476190477,0.9814814814814816
acoustic_egemaps,PT->A,42,"['pitt', 'taukadial']",adress,597,138,,,,0.6014492753623188,0.5868436106068795,0.5879255116998752,0.6449579831932772,0.2417653352022171,0.2249635544826738,0.7941176470588235,0.4142857142857143,0.5684210526315789,0.6744186046511628
acoustic_egemaps,PT->A,43,"['pitt', 'taukadial']",adress,597,138,,,,0.5869565217391305,0.5741290845260599,0.5751552795031056,0.6810924369747899,0.2285412549972534,0.1908922897057088,0.7647058823529411,0.4142857142857143,0.5591397849462365,0.6444444444444445
acoustic_egemaps,PT->A,44,"['pitt', 'taukadial']",adress,597,138,,,,0.644927536231884,0.6319152167224927,0.6328790922417069,0.7297268907563026,0.2274480611085891,0.3188495540349187,0.8382352941176471,0.4571428571428571,0.6,0.7441860465116279
acoustic_w2v,PT->A,42,"['pitt', 'taukadial']",adress,597,138,,,,0.5579710144927537,0.4915989400601027,0.494201766508442,0.6423319327731093,0.3545964360237121,0.183502816204297,0.9264705882352942,0.2,0.5294117647058824,0.7368421052631579
acoustic_w2v,PT->A,43,"['pitt', 'taukadial']",adress,597,138,,,,0.572463768115942,0.5413924722918299,0.5430720017958359,0.6608193277310925,0.2763546407222748,0.178764601398278,0.8382352941176471,0.3142857142857143,0.5428571428571428,0.6666666666666666
acoustic_w2v,PT->A,44,"['pitt', 'taukadial']",adress,597,138,,,,0.5507246376811594,0.5160948937296058,0.5179175118323192,0.6352941176470589,0.3193825483322143,0.1294112241797956,0.8235294117647058,0.2857142857142857,0.5283018867924528,0.625
acoustic_hubert,PT->A,42,"['pitt', 'taukadial']",adress,597,138,,,,0.6666666666666666,0.6513326031398321,0.652354874041621,0.7876050420168068,0.2796552777290344,0.3741061490215348,0.8823529411764706,0.4571428571428571,0.6122448979591837,0.8
acoustic_hubert,PT->A,43,"['pitt', 'taukadial']",adress,597,138,,,,0.6231884057971014,0.5941441044183791,0.5956727518593644,0.7251050420168067,0.2564045488834381,0.3011299639568322,0.8970588235294118,0.3571428571428571,0.5754716981132075,0.78125
acoustic_hubert,PT->A,44,"['pitt', 'taukadial']",adress,597,138,,,,0.6376811594202898,0.6273738130934533,0.6282327586206897,0.7413865546218488,0.2819676697254181,0.2972210223629106,0.8088235294117647,0.4714285714285714,0.5978260869565217,0.717391304347826
interaction_only,PT->A,42,"['pitt', 'taukadial']",adress,597,138,,,,0.8405797101449275,0.8403786334707356,0.8404456590287996,0.932563025210084,0.116813451051712,0.6840796911525563,0.8823529411764706,0.8,0.8108108108108109,0.875
interaction_only,PT->A,43,"['pitt', 'taukadial']",adress,597,138,,,,0.7536231884057971,0.747808674508487,0.7483372666809698,0.8758403361344538,0.1778726279735565,0.5371949658853375,0.9117647058823528,0.6,0.6888888888888889,0.875
interaction_only,PT->A,44,"['pitt', 'taukadial']",adress,597,138,,,,0.7753623188405797,0.7642680335380297,0.7649837938801296,0.9131302521008404,0.186951071023941,0.6186145671449894,1.0,0.5571428571428572,0.6868686868686869,1.0
fusion_gated,PT->A,42,"['pitt', 'taukadial']",adress,597,138,0.7238185405731201,0.0040231440216302,0.2721583247184753,0.855072463768116,0.8528508792229391,0.853097721950181,0.9615546218487396,0.1310492157936096,0.736493639820514,0.9852941176470588,0.7285714285714285,0.7790697674418605,0.9807692307692308
fusion_gated,PT->A,43,"['pitt', 'taukadial']",adress,597,138,0.4698376953601837,0.0318607687950134,0.4983017444610595,0.7681159420289855,0.7615192403798101,0.7620689655172415,0.911344537815126,0.1664576232433319,0.5739440431835515,0.9411764705882352,0.6,0.6956521739130435,0.9130434782608696
fusion_gated,PT->A,44,"['pitt', 'taukadial']",adress,597,138,0.9458694458007812,0.0057211010716855,0.0484096072614192,0.9202898550724636,0.9201431672827554,0.9201850780798148,0.9439075630252102,0.0811176300048828,0.845129633629691,0.9705882352941176,0.8714285714285714,0.88,0.9682539682539684
fusion_attn,PT->A,42,"['pitt', 'taukadial']",adress,597,138,0.5479046106338501,0.2190975099802017,0.2329978346824646,0.8478260869565217,0.8452053365479351,0.8454812050119969,0.9596638655462184,0.1473199129104614,0.7245961844066288,0.9852941176470588,0.7142857142857143,0.7701149425287356,0.9803921568627452
fusion_attn,PT->A,43,"['pitt', 'taukadial']",adress,597,138,0.5198710560798645,0.2225200980901718,0.2576088607311249,0.7898550724637681,0.784398963234074,0.784873407514917,0.945483193277311,0.1711538881063461,0.616572320391239,0.9558823529411764,0.6285714285714286,0.7142857142857143,0.9361702127659576
fusion_attn,PT->A,44,"['pitt', 'taukadial']",adress,597,138,0.5313205122947693,0.2203091531991958,0.248370349407196,0.8333333333333334,0.8320738431186036,0.8322676108439465,0.9366596638655462,0.1400236636400222,0.6796140643235394,0.9264705882352942,0.7428571428571429,0.7777777777777778,0.912280701754386
linguistic,AT->P,42,"['adress', 'taukadial']",pitt,240,495,,,,0.6484848484848484,0.6216571657165717,0.6298731435643564,0.821715906093379,0.2928746044635772,0.4217113777457828,0.3860294117647059,0.968609865470852,0.9375,0.5639686684073107
linguistic,AT->P,43,"['adress', 'taukadial']",pitt,240,495,,,,0.7292929292929293,0.7298788753334208,0.7280844155844156,0.822400092323925,0.1999714523553848,0.4577029189186154,0.7242647058823529,0.7354260089686099,0.76953125,0.6861924686192469
linguistic,AT->P,44,"['adress', 'taukadial']",pitt,240,495,,,,0.7070707070707071,0.7056270156788749,0.7066828496818567,0.801899235030335,0.2497932612895965,0.4398003677675688,0.6102941176470589,0.8251121076233184,0.8097560975609757,0.6344827586206897
acoustic_egemaps,AT->P,42,"['adress', 'taukadial']",pitt,240,495,,,,0.4828282828282828,0.440749514123112,0.4533218291630716,0.555608678448958,0.2609166502952575,0.0260970322005371,0.2279411764705882,0.7937219730941704,0.5740740740740741,0.4573643410852713
acoustic_egemaps,AT->P,43,"['adress', 'taukadial']",pitt,240,495,,,,0.5191919191919192,0.5042204909385951,0.4927579911821438,0.4973374439461884,0.2494520992040634,0.0032147411198613,0.6801470588235294,0.3228699551569506,0.5505952380952381,0.4528301886792453
acoustic_egemaps,AT->P,44,"['adress', 'taukadial']",pitt,240,495,,,,0.5070707070707071,0.4763663571744379,0.4865319865319865,0.5443814297019256,0.2538207471370697,0.0736780546789216,0.2794117647058823,0.7847533632286996,0.6129032258064516,0.4716981132075472
acoustic_w2v,AT->P,42,"['adress', 'taukadial']",pitt,240,495,,,,0.5191919191919192,0.4762626262626263,0.4886363636363636,0.5711306383539962,0.3370546698570251,0.1199761497995625,0.25,0.8475336322869955,0.6666666666666666,0.4809160305343511
acoustic_w2v,AT->P,43,"['adress', 'taukadial']",pitt,240,495,,,,0.498989898989899,0.4619810291086412,0.4734584634389047,0.5542238195726721,0.3251406252384186,0.0613119241607505,0.2536764705882353,0.7982062780269058,0.6052631578947368,0.4671916010498688
acoustic_w2v,AT->P,44,"['adress', 'taukadial']",pitt,240,495,,,,0.5434343434343434,0.5374718720846048,0.5408690941327117,0.5621950013189132,0.2962150573730469,0.1156434173934469,0.4264705882352941,0.6860986547085202,0.6236559139784946,0.4951456310679611
acoustic_hubert,AT->P,42,"['adress', 'taukadial']",pitt,240,495,,,,0.498989898989899,0.4471439813292848,0.4612575922480075,0.5511078871010288,0.2499390542507171,0.0777270187691825,0.213235294117647,0.8475336322869955,0.6304347826086957,0.4689826302729528
acoustic_hubert,AT->P,43,"['adress', 'taukadial']",pitt,240,495,,,,0.5474747474747474,0.5140473811303856,0.5244140960093333,0.6265991822738064,0.2711551487445831,0.1770389116138353,0.2977941176470588,0.852017937219731,0.7105263157894737,0.4986876640419947
acoustic_hubert,AT->P,44,"['adress', 'taukadial']",pitt,240,495,,,,0.5515151515151515,0.5089931573802542,0.5209677419354839,0.6718708783962015,0.3029113411903381,0.2053166592324361,0.2720588235294117,0.8923766816143498,0.7551020408163265,0.5012594458438288
interaction_only,AT->P,42,"['adress', 'taukadial']",pitt,240,495,,,,0.692929292929293,0.6864692864692865,0.6896346896346897,0.7946864283830124,0.2320531457662582,0.4390351687253964,0.5367647058823529,0.8834080717488789,0.8488372093023255,0.6099071207430341
interaction_only,AT->P,43,"['adress', 'taukadial']",pitt,240,495,,,,0.6828282828282828,0.6746831221413385,0.6784131489979766,0.8015777499340544,0.2768040895462036,0.4249226037802371,0.5147058823529411,0.8878923766816144,0.8484848484848485,0.6
interaction_only,AT->P,44,"['adress', 'taukadial']",pitt,240,495,,,,0.6909090909090909,0.6842099379073063,0.6874600220368849,0.7877126747560009,0.2750701010227203,0.4357902186415989,0.5330882352941176,0.8834080717488789,0.847953216374269,0.6080246913580247
fusion_gated,AT->P,42,"['adress', 'taukadial']",pitt,240,495,0.94159334897995,0.0027441543061286,0.0556621961295604,0.6787878787878788,0.6660333211867389,0.6710331077663856,0.8060455684515959,0.2964970469474792,0.4374204338366169,0.4779411764705882,0.9237668161434978,0.8843537414965986,0.5919540229885057
fusion_gated,AT->P,43,"['adress', 'taukadial']",pitt,240,495,0.8647758960723877,0.015656417235732,0.1195674911141395,0.6909090909090909,0.6801866452131939,0.6846017699115045,0.8074221841202849,0.2591513991355896,0.4562522934721099,0.5,0.9237668161434978,0.8888888888888888,0.6023391812865497
fusion_gated,AT->P,44,"['adress', 'taukadial']",pitt,240,495,0.9533188939094543,0.0045498735271394,0.0421313345432281,0.7111111111111111,0.7048498112466981,0.7078874715769579,0.7922876549723028,0.2743566632270813,0.4784843084622044,0.5514705882352942,0.905829596412556,0.8771929824561403,0.6234567901234568
fusion_attn,AT->P,42,"['adress', 'taukadial']",pitt,240,495,0.5472192168235779,0.2252184748649597,0.2275620996952057,0.701010101010101,0.6943369687895236,0.697542689169997,0.821023476655236,0.2653502821922302,0.4581971334533477,0.5404411764705882,0.8968609865470852,0.8647058823529412,0.6153846153846154
fusion_attn,AT->P,43,"['adress', 'taukadial']",pitt,240,495,0.4454384744167328,0.278767466545105,0.2757938504219055,0.7232323232323232,0.721464476077404,0.7226845396068553,0.7948100764969666,0.2451644092798233,0.4758317128860367,0.6176470588235294,0.852017937219731,0.835820895522388,0.6462585034013606
fusion_attn,AT->P,44,"['adress', 'taukadial']",pitt,240,495,0.5191366672515869,0.2423216849565506,0.2385415732860565,0.7111111111111111,0.7114979300559863,0.7110356342438184,0.7869707860722763,0.2527428865432739,0.4318989723445094,0.6617647058823529,0.7713004484304933,0.7792207792207793,0.6515151515151515
linguistic,P->A,42,['pitt'],adress,495,138,,,,0.855072463768116,0.8541544261652957,0.8543074324324325,0.9535714285714284,0.1156094521284103,0.7217609426270871,0.9411764705882352,0.7714285714285715,0.8,0.9310344827586208
linguistic,P->A,43,['pitt'],adress,495,138,,,,0.8478260869565217,0.8475460466307148,0.8476260581523739,0.935189075630252,0.1139803454279899,0.6996357595766752,0.8970588235294118,0.8,0.8133333333333334,0.8888888888888888
linguistic,P->A,44,['pitt'],adress,495,138,,,,0.8478260869565217,0.8445762132047502,0.8448857249906332,0.9441176470588236,0.1266947239637375,0.7313217217300175,1.0,0.7,0.7640449438202247,1.0
acoustic_egemaps,P->A,42,['pitt'],adress,495,138,,,,0.5,0.4591796322489391,0.4612729844413012,0.6252100840336134,0.2449904382228851,0.0095632912958536,0.7794117647058824,0.2285714285714285,0.4953271028037383,0.5161290322580645
acoustic_egemaps,P->A,43,['pitt'],adress,495,138,,,,0.6086956521739131,0.5624015207733987,0.5644143090951602,0.7313025210084034,0.2332364469766616,0.2992693446474797,0.9411764705882352,0.2857142857142857,0.5614035087719298,0.8333333333333334
acoustic_egemaps,P->A,44,['pitt'],adress,495,138,,,,0.5797101449275363,0.5473145780051151,0.5490196078431373,0.7108193277310925,0.2377654910087585,0.1980987200906103,0.8529411764705882,0.3142857142857143,0.5471698113207547,0.6875
acoustic_w2v,P->A,42,['pitt'],adress,495,138,,,,0.5942028985507246,0.5591567852437417,0.5609090909090909,0.6741596638655462,0.3166742622852325,0.2383416092273349,0.8823529411764706,0.3142857142857143,0.5555555555555556,0.7333333333333333
acoustic_w2v,P->A,43,['pitt'],adress,495,138,,,,0.5797101449275363,0.5347624798711755,0.5368055555555555,0.6951680672268907,0.2748786807060241,0.2154146356036347,0.8970588235294118,0.2714285714285714,0.5446428571428571,0.7307692307692307
acoustic_w2v,P->A,44,['pitt'],adress,495,138,,,,0.6014492753623188,0.568911301067995,0.5705799151343706,0.6692226890756303,0.314132958650589,0.2526722226588703,0.8823529411764706,0.3285714285714285,0.5607476635514018,0.7419354838709677
acoustic_hubert,P->A,42,['pitt'],adress,495,138,,,,0.7391304347826086,0.734113712374582,0.7346153846153847,0.8306722689075631,0.2270195186138153,0.5016976527345511,0.8823529411764706,0.6,0.6818181818181818,0.84
acoustic_hubert,P->A,43,['pitt'],adress,495,138,,,,0.6884057971014492,0.6787289585021155,0.6795031055900622,0.8251050420168067,0.2784851789474487,0.4073265054988013,0.8676470588235294,0.5142857142857142,0.6344086021505376,0.8
acoustic_hubert,P->A,44,['pitt'],adress,495,138,,,,0.644927536231884,0.6248402094368399,0.6260576231819941,0.7774159663865546,0.2747621238231659,0.334787836958547,0.8823529411764706,0.4142857142857143,0.594059405940594,0.7837837837837838
interaction_only,P->A,42,['pitt'],adress,495,138,,,,0.7463768115942029,0.7355339529252571,0.7362817362817362,0.8994747899159663,0.1853428483009338,0.5456315100769367,0.9558823529411764,0.5428571428571428,0.6701030927835051,0.926829268292683
interaction_only,P->A,43,['pitt'],adress,495,138,,,,0.6956521739130435,0.6748269425215836,0.6759838998211092,0.9016806722689076,0.1956944763660431,0.4626329951331429,0.9558823529411764,0.4428571428571428,0.625,0.9117647058823528
interaction_only,P->A,44,['pitt'],adress,495,138,,,,0.7463768115942029,0.7370822976589233,0.7377707801726479,0.868172268907563,0.2110283821821212,0.5379168863234902,0.9411764705882352,0.5571428571428572,0.6736842105263158,0.9069767441860463
fusion_gated,P->A,42,['pitt'],adress,495,138,0.5447657108306885,0.0260184314101934,0.4292159378528595,0.7753623188405797,0.7657586440195137,0.7664209664209665,0.934873949579832,0.1689115613698959,0.6090663444413994,0.9852941176470588,0.5714285714285714,0.6907216494845361,0.975609756097561
fusion_gated,P->A,43,['pitt'],adress,495,138,0.4968590140342712,0.1175035387277603,0.385637104511261,0.717391304347826,0.7168712294570418,0.7170198222829802,0.8134453781512605,0.1844026744365692,0.4377467862812471,0.7647058823529411,0.6714285714285714,0.6933333333333334,0.746031746031746
fusion_gated,P->A,44,['pitt'],adress,495,138,0.7187280058860779,0.0039458856917917,0.2773260176181793,0.7608695652173914,0.7521061663641277,0.7527553070199251,0.9232142857142857,0.2071209847927093,0.569212219507572,0.9558823529411764,0.5714285714285714,0.6842105263157895,0.9302325581395348
fusion_attn,P->A,42,['pitt'],adress,495,138,0.5394518971443176,0.2227076590061187,0.2378405630588531,0.7753623188405797,0.7683859933387344,0.768944099378882,0.9330882352941176,0.2025599926710128,0.5928415476071662,0.9558823529411764,0.6,0.6989247311827957,0.9333333333333332
fusion_attn,P->A,43,['pitt'],adress,495,138,0.5024884939193726,0.2275338321924209,0.2699776589870453,0.8695652173913043,0.8687389835487662,0.8688766891891893,0.959873949579832,0.1115050911903381,0.7511250375806655,0.9558823529411764,0.7857142857142857,0.8125,0.9482758620689656
fusion_attn,P->A,44,['pitt'],adress,495,138,0.5456520318984985,0.2172377258539199,0.2371101975440979,0.7898550724637681,0.7853671515684646,0.7857945726061125,0.9198529411764708,0.1847155690193176,0.610166382475825,0.9411764705882352,0.6428571428571429,0.7191011235955056,0.9183673469387756
linguistic,P->T,42,['pitt'],taukadial,495,102,,,,0.5588235294117647,0.5495755770662696,0.5351898734177215,0.5752351097178684,0.3461489975452423,0.0793030647450789,0.6896551724137931,0.3863636363636363,0.5970149253731343,0.4857142857142857
linguistic,P->T,43,['pitt'],taukadial,495,102,,,,0.5882352941176471,0.5882352941176471,0.5803291536050157,0.6032523510971788,0.3007895946502685,0.1606583072100313,0.6379310344827587,0.5227272727272727,0.6379310344827587,0.5227272727272727
linguistic,P->T,44,['pitt'],taukadial,495,102,,,,0.6372549019607843,0.6030882081664986,0.5822910902047593,0.6802507836990596,0.3218090832233429,0.2419012121656915,0.8793103448275862,0.3181818181818182,0.6296296296296297,0.6666666666666666
acoustic_egemaps,P->T,42,['pitt'],taukadial,495,102,,,,0.5588235294117647,0.4853730966070639,0.4522019334049409,0.5634796238244515,0.248161032795906,0.0232783919756554,0.8793103448275862,0.1363636363636363,0.5730337078651685,0.4615384615384615
acoustic_egemaps,P->T,43,['pitt'],taukadial,495,102,,,,0.5294117647058824,0.4222433912836389,0.3805668016194332,0.6330329153605015,0.2497675716876983,-0.1068347308128946,0.896551724137931,0.0454545454545454,0.5531914893617021,0.25
acoustic_egemaps,P->T,44,['pitt'],taukadial,495,102,,,,0.6372549019607843,0.5768623238769192,0.5495882563551737,0.707680250783699,0.232604518532753,0.2607179901273406,0.9482758620689656,0.2272727272727272,0.6179775280898876,0.7692307692307693
acoustic_w2v,P->T,42,['pitt'],taukadial,495,102,,,,0.4607843137254901,0.4600068230695143,0.4607324810150918,0.5399686520376175,0.3685261309146881,-0.0581649215613827,0.396551724137931,0.5454545454545454,0.5348837209302325,0.4067796610169492
acoustic_w2v,P->T,43,['pitt'],taukadial,495,102,,,,0.5196078431372549,0.5216906687523261,0.5184507177955486,0.4917711598746082,0.3042870461940765,0.0450590135131508,0.5,0.5454545454545454,0.5918367346938775,0.4528301886792453
acoustic_w2v,P->T,44,['pitt'],taukadial,495,102,,,,0.4705882352941176,0.4582572159298502,0.4654503105590062,0.515282131661442,0.4153162240982055,-0.0139973127738963,0.3275862068965517,0.6590909090909091,0.5588235294117647,0.4264705882352941
acoustic_hubert,P->T,42,['pitt'],taukadial,495,102,,,,0.4607843137254901,0.4581388110799875,0.4603174603174603,0.4890282131661442,0.4198954403400421,-0.0530405009855488,0.3793103448275862,0.5681818181818182,0.5365853658536586,0.4098360655737705
acoustic_hubert,P->T,43,['pitt'],taukadial,495,102,,,,0.4901960784313725,0.4811511701454775,0.4653225806451613,0.4457288401253918,0.4217264056205749,-0.0633521043313242,0.6206896551724138,0.3181818181818182,0.5454545454545454,0.3888888888888889
acoustic_hubert,P->T,44,['pitt'],taukadial,495,102,,,,0.4215686274509804,0.3914318668643928,0.4050420168067227,0.5058777429467085,0.4399690330028534,-0.1055743443286527,0.2241379310344827,0.6818181818181818,0.4814814814814814,0.4
interaction_only,P->T,42,['pitt'],taukadial,495,102,,,,0.5784313725490197,0.5665762367939302,0.5514878821965437,0.5952194357366771,0.2763500511646271,0.1169842130685886,0.7241379310344828,0.3863636363636363,0.6086956521739131,0.5151515151515151
interaction_only,P->T,43,['pitt'],taukadial,495,102,,,,0.6078431372549019,0.6093654853245646,0.6040372670807453,0.5960031347962382,0.3649384081363678,0.2099596916084453,0.6206896551724138,0.5909090909090909,0.6666666666666666,0.5416666666666666
interaction_only,P->T,44,['pitt'],taukadial,495,102,,,,0.5784313725490197,0.5631372549019608,0.5466666666666666,0.6077586206896551,0.3798630237579345,0.1130796453445896,0.7413793103448276,0.3636363636363636,0.6056338028169014,0.5161290322580645
fusion_gated,P->T,42,['pitt'],taukadial,495,102,0.6460439562797546,0.0769464150071144,0.2770093977451324,0.5784313725490197,0.5500552555966026,0.52914653784219,0.5842476489028214,0.3011620640754699,0.1019653788533773,0.7931034482758621,0.2954545454545454,0.5974025974025974,0.52
fusion_gated,P->T,43,['pitt'],taukadial,495,102,0.5395268797874451,0.0358587205410003,0.4246142506599426,0.5686274509803921,0.565546218487395,0.5547619047619048,0.6234326018808778,0.328969657421112,0.1112991521262886,0.6551724137931034,0.4545454545454545,0.6129032258064516,0.5
fusion_gated,P->T,44,['pitt'],taukadial,495,102,0.815053403377533,0.0387576557695865,0.1461890339851379,0.6078431372549019,0.5737425404944586,0.552042160737813,0.6240203761755485,0.3580175638198852,0.1689220556115847,0.8448275862068966,0.2954545454545454,0.6125,0.5909090909090909
fusion_attn,P->T,42,['pitt'],taukadial,495,102,0.5412439703941345,0.2308275550603866,0.2279285788536071,0.5980392156862745,0.5601788252655794,0.5371333702268954,0.615203761755486,0.387393981218338,0.1439888167652926,0.8448275862068966,0.2727272727272727,0.6049382716049383,0.5714285714285714
fusion_attn,P->T,43,['pitt'],taukadial,495,102,0.5043696761131287,0.2414393723011016,0.2541910409927368,0.5882352941176471,0.5901416122004358,0.5868055555555556,0.6269592476489029,0.3729247748851776,0.1809084729157348,0.5689655172413793,0.6136363636363636,0.66,0.5192307692307693
fusion_attn,P->T,44,['pitt'],taukadial,495,102,0.5609732270240784,0.2198944687843322,0.2191323488950729,0.5686274509803921,0.5686274509803921,0.5603448275862069,0.6167711598746082,0.3866032361984253,0.1206896551724138,0.6206896551724138,0.5,0.6206896551724138,0.5
linguistic,A->P,42,['adress'],pitt,138,495,,,,0.705050505050505,0.6976796955057825,0.7010869565217391,0.8101754154576629,0.2412164509296417,0.4711603978829111,0.5367647058823529,0.9103139013452914,0.8795180722891566,0.6170212765957447
linguistic,A->P,43,['adress'],pitt,138,495,,,,0.7191919191919192,0.7191919191919192,0.7191919191919192,0.8066555658137694,0.1911658644676208,0.4526180427327881,0.6544117647058824,0.7982062780269058,0.7982062780269058,0.6544117647058824
linguistic,A->P,44,['adress'],pitt,138,495,,,,0.7191919191919192,0.7159424680356,0.7178608187182463,0.8039435505143762,0.2379791289567947,0.4775934825493632,0.5919117647058824,0.874439461883408,0.8518518518518519,0.6372549019607843
acoustic_egemaps,A->P,42,['adress'],pitt,138,495,,,,0.4808080808080808,0.4378950253760785,0.450638902443764,0.5050283566341335,0.2560729384422302,0.0217410300047597,0.2242647058823529,0.7937219730941704,0.5700934579439252,0.4561855670103092
acoustic_egemaps,A->P,43,['adress'],pitt,138,495,,,,0.4686868686868687,0.4519307984548626,0.4590703414232826,0.5028439066209442,0.2724692821502685,-0.0285365711625867,0.3051470588235294,0.6681614349775785,0.5286624203821656,0.4408284023668639
acoustic_egemaps,A->P,44,['adress'],pitt,138,495,,,,0.4666666666666667,0.3941872465020279,0.4119447044423645,0.5066440253231338,0.2635950446128845,0.0050255134044054,0.1470588235294117,0.8565022421524664,0.5555555555555556,0.4515366430260047
acoustic_w2v,A->P,42,['adress'],pitt,138,495,,,,0.4707070707070707,0.3407273532889297,0.3662033779028853,0.6325425349512002,0.2682928740978241,0.0770595659852361,0.0588235294117647,0.9730941704035876,0.7272727272727273,0.4587737843551797
acoustic_w2v,A->P,43,['adress'],pitt,138,495,,,,0.4747474747474747,0.3618642566010986,0.3851049191606467,0.657494724347138,0.3270435333251953,0.0693070984451972,0.0845588235294117,0.9506726457399104,0.6764705882352942,0.4598698481561822
acoustic_w2v,A->P,44,['adress'],pitt,138,495,,,,0.4606060606060606,0.3237428932929132,0.3502499889385426,0.6052327881825377,0.2786896824836731,0.0329609818399136,0.0441176470588235,0.968609865470852,0.631578947368421,0.453781512605042
acoustic_hubert,A->P,42,['adress'],pitt,138,495,,,,0.5353535353535354,0.4722085859676759,0.4876790985672115,0.6773938274861514,0.3151878416538238,0.2008111397843687,0.2095588235294117,0.9327354260089686,0.7916666666666666,0.491725768321513
acoustic_hubert,A->P,43,['adress'],pitt,138,495,,,,0.4626262626262626,0.3522709064075288,0.3753795066413662,0.5671986283302559,0.2618676424026489,0.017069585796947,0.0808823529411764,0.9282511210762332,0.5789473684210527,0.4529540481400437
acoustic_hubert,A->P,44,['adress'],pitt,138,495,,,,0.4707070707070707,0.36928394488399,0.3910810201705292,0.6353781983645476,0.3315699398517608,0.0402665956289994,0.0992647058823529,0.9237668161434978,0.6136363636363636,0.4567627494456763
interaction_only,A->P,42,['adress'],pitt,138,495,,,,0.6242424242424243,0.5906926406926406,0.600362872421696,0.7958816934845686,0.3361693918704986,0.3809790314629111,0.3455882352941176,0.9641255605381166,0.9215686274509804,0.5470737913486005
interaction_only,A->P,43,['adress'],pitt,138,495,,,,0.4909090909090909,0.3978290366350068,0.4181902985074627,0.681292864679504,0.2687002122402191,0.1046141984932215,0.125,0.937219730941704,0.7083333333333334,0.4675615212527964
interaction_only,A->P,44,['adress'],pitt,138,495,,,,0.5575757575757576,0.4950791276751812,0.5101645210994583,0.7705503165391717,0.3241978883743286,0.2706238068334386,0.2242647058823529,0.9641255605381166,0.8840579710144928,0.5046948356807511
fusion_gated,A->P,42,['adress'],pitt,138,495,0.9286107420921326,0.0044286930933594,0.0669603422284126,0.6787878787878788,0.6654710881461418,0.6706090624882293,0.8061444869427591,0.2788285315036773,0.4400497937609356,0.4742647058823529,0.9282511210762332,0.8896551724137931,0.5914285714285714
fusion_gated,A->P,43,['adress'],pitt,138,495,0.3065721094608307,0.0024096199776977,0.6910184621810913,0.6868686868686869,0.6754944847931451,0.6801005666253893,0.8009677525718808,0.3024891018867492,0.4499812112955006,0.4926470588235294,0.9237668161434978,0.8874172185430463,0.5988372093023255
fusion_gated,A->P,44,['adress'],pitt,138,495,0.9441885352134703,0.0078898379579186,0.0479216426610946,0.6868686868686869,0.6733264546989011,0.6784704033525406,0.7916117119493536,0.2781552970409393,0.4606592601586652,0.4779411764705882,0.9417040358744396,0.9090909090909092,0.5965909090909091
fusion_attn,A->P,42,['adress'],pitt,138,495,0.5901045203208923,0.1963131874799728,0.2135824412107467,0.7090909090909091,0.7018210695399498,0.7051816557474687,0.8122197309417041,0.2678861618041992,0.4797607517789226,0.5404411764705882,0.9147982062780268,0.8855421686746988,0.6200607902735562
fusion_attn,A->P,43,['adress'],pitt,138,495,0.5237170457839966,0.2445589452981948,0.2317240089178085,0.6727272727272727,0.6582756916996048,0.6637228260869565,0.8120631099973621,0.2911009192466736,0.4306476236055072,0.4632352941176471,0.9282511210762332,0.8873239436619719,0.5864022662889519
fusion_attn,A->P,44,['adress'],pitt,138,495,0.5408167243003845,0.2249242514371872,0.2342591434717178,0.6181818181818182,0.5814411345694485,0.591728525980912,0.7998137035083093,0.349109023809433,0.3754006524907847,0.3308823529411764,0.968609865470852,0.9278350515463918,0.542713567839196
linguistic,A->T,42,['adress'],taukadial,138,102,,,,0.6372549019607843,0.6377156431698229,0.6312652662432828,0.6585031347962382,0.2457172572612762,0.2626547464095637,0.6724137931034483,0.5909090909090909,0.6842105263157895,0.5777777777777777
linguistic,A->T,43,['adress'],taukadial,138,102,,,,0.6176470588235294,0.6037756497948016,0.5888372093023255,0.6404780564263323,0.2445806264877319,0.199155196278531,0.7758620689655172,0.4090909090909091,0.6338028169014085,0.5806451612903226
linguistic,A->T,44,['adress'],taukadial,138,102,,,,0.6372549019607843,0.6377156431698229,0.6312652662432828,0.7047413793103449,0.244901955127716,0.2626547464095637,0.6724137931034483,0.5909090909090909,0.6842105263157895,0.5777777777777777
acoustic_egemaps,A->T,42,['adress'],taukadial,138,102,,,,0.4313725490196078,0.3059698879551821,0.3397321428571428,0.5248824451410659,0.2623647153377533,-0.0346415817328392,0.0517241379310344,0.9318181818181818,0.5,0.4270833333333333
acoustic_egemaps,A->T,43,['adress'],taukadial,138,102,,,,0.4313725490196078,0.35239651416122,0.3775252525252525,0.5548589341692789,0.2859470248222351,-0.0552688447324722,0.1206896551724138,0.8409090909090909,0.5,0.4204545454545454
acoustic_egemaps,A->T,44,['adress'],taukadial,138,102,,,,0.4313725490196078,0.3189955824226924,0.3504611330698287,0.5321316614420062,0.2700882852077484,-0.0404239521994736,0.0689655172413793,0.9090909090909092,0.5,0.425531914893617
acoustic_w2v,A->T,42,['adress'],taukadial,138,102,,,,0.4313725490196078,0.3059698879551821,0.3397321428571428,0.5045062695924765,0.2714476883411407,-0.0346415817328392,0.0517241379310344,0.9318181818181818,0.5,0.4270833333333333
acoustic_w2v,A->T,43,['adress'],taukadial,138,102,,,,0.4215686274509804,0.3007606584415725,0.333923630326508,0.5489811912225705,0.3781254291534424,-0.0767624526187026,0.0517241379310344,0.9090909090909092,0.4285714285714285,0.4210526315789473
acoustic_w2v,A->T,44,['adress'],taukadial,138,102,,,,0.4215686274509804,0.2558485463150777,0.296551724137931,0.510384012539185,0.2912501096725464,-0.1142423088462109,0.0,0.9772727272727272,0.0,0.4257425742574257
acoustic_hubert,A->T,42,['adress'],taukadial,138,102,,,,0.4117647058823529,0.2820378151260504,0.3169642857142857,0.4690438871473354,0.4059546291828155,-0.1187711373697343,0.0344827586206896,0.9090909090909092,0.3333333333333333,0.4166666666666667
acoustic_hubert,A->T,43,['adress'],taukadial,138,102,,,,0.4215686274509804,0.313494784557248,0.3443730253840287,0.5340909090909091,0.2749143838882446,-0.0780012903810506,0.0689655172413793,0.8863636363636364,0.4444444444444444,0.4193548387096774
acoustic_hubert,A->T,44,['adress'],taukadial,138,102,,,,0.4215686274509804,0.3007606584415725,0.333923630326508,0.5105799373040752,0.3939219117164612,-0.0767624526187026,0.0517241379310344,0.9090909090909092,0.4285714285714285,0.4210526315789473
interaction_only,A->T,42,['adress'],taukadial,138,102,,,,0.4803921568627451,0.4036312820161422,0.4275124430795298,0.5135188087774295,0.4646688401699066,0.0954414071001872,0.1551724137931034,0.9090909090909092,0.6923076923076923,0.449438202247191
interaction_only,A->T,43,['adress'],taukadial,138,102,,,,0.4607843137254901,0.3904714452967216,0.4133640071107393,0.5538793103448275,0.2851300239562988,0.0263024162550508,0.1551724137931034,0.8636363636363636,0.6,0.4367816091954023
interaction_only,A->T,44,['adress'],taukadial,138,102,,,,0.4803921568627451,0.3833088742632907,0.411046955005992,0.5574059561128527,0.342607319355011,0.1313705943259799,0.1206896551724138,0.9545454545454546,0.7777777777777778,0.4516129032258064
fusion_gated,A->T,42,['adress'],taukadial,138,102,0.8746100664138794,0.0568612702190876,0.0685286447405815,0.4215686274509804,0.3461420958637559,0.3706995712642476,0.4941222570532915,0.4497085511684418,-0.0854828528289151,0.1206896551724138,0.8181818181818182,0.4666666666666667,0.4137931034482758
fusion_gated,A->T,43,['adress'],taukadial,138,102,0.4584981799125671,0.016165992245078,0.5253358483314514,0.6470588235294118,0.6486928104575163,0.6458333333333333,0.6910266457680251,0.3132113814353943,0.2997024486930199,0.6206896551724138,0.6818181818181818,0.72,0.5769230769230769
fusion_gated,A->T,44,['adress'],taukadial,138,102,0.8499202132225037,0.0528056845068931,0.0972742661833763,0.6176470588235294,0.619456358110603,0.6158377595364558,0.6581112852664576,0.2814732789993286,0.2375422747394687,0.603448275862069,0.6363636363636364,0.6862745098039216,0.5490196078431373
fusion_attn,A->T,42,['adress'],taukadial,138,102,0.5821446180343628,0.2073623090982437,0.2104931026697158,0.6078431372549019,0.6033042846768337,0.6064814814814815,0.6367554858934169,0.3302302658557892,0.2617131082524965,0.4827586206896552,0.7727272727272727,0.7368421052631579,0.53125
fusion_attn,A->T,43,['adress'],taukadial,138,102,0.50554358959198,0.2550312280654907,0.2394252717494964,0.5392156862745098,0.5152084363157027,0.5260504201680672,0.643025078369906,0.3452162742614746,0.1636402337094118,0.3275862068965517,0.8181818181818182,0.7037037037037037,0.48
fusion_attn,A->T,44,['adress'],taukadial,138,102,0.5332490801811218,0.2315234988927841,0.2352273762226104,0.5,0.4348007947296873,0.456028442957231,0.6148119122257053,0.4390004873275757,0.1380876853390168,0.1896551724137931,0.9090909090909092,0.7333333333333333,0.4597701149425287
linguistic,T->P,42,['taukadial'],pitt,102,495,,,,0.5313131313131313,0.4534717807445079,0.4296328671328671,0.4913693616460036,0.2488619089126587,-0.0168347654529756,0.8676470588235294,0.1210762331838565,0.5462962962962963,0.4285714285714285
linguistic,T->P,43,['taukadial'],pitt,102,495,,,,0.5696969696969697,0.5530450963329068,0.5418678114720975,0.6198479952519125,0.2439167201519012,0.1097698460632274,0.7426470588235294,0.358744394618834,0.5855072463768116,0.5333333333333333
linguistic,T->P,44,['taukadial'],pitt,102,495,,,,0.5494949494949495,0.5481482966432799,0.5492300341798669,0.5478353336850434,0.3369112014770508,0.1154109838242419,0.4779411764705882,0.6367713004484304,0.6161137440758294,0.5
acoustic_egemaps,T->P,42,['taukadial'],pitt,102,495,,,,0.4565656565656565,0.3757991253022176,0.3949177727993602,0.5015909390662094,0.2529036998748779,-0.0206438709756166,0.125,0.8609865470852018,0.5230769230769231,0.4465116279069767
acoustic_egemaps,T->P,43,['taukadial'],pitt,102,495,,,,0.4848484848484848,0.4793760780662473,0.4826865463666132,0.5103369823265629,0.2524144947528839,-0.0079533782933479,0.3823529411764705,0.6098654708520179,0.5445026178010471,0.4473684210526316
acoustic_egemaps,T->P,44,['taukadial'],pitt,102,495,,,,0.4626262626262626,0.4116764858700342,0.4260244115082824,0.5217373384331312,0.2575130760669708,-0.018856031668028,0.1911764705882352,0.7937219730941704,0.5306122448979592,0.4458438287153652
acoustic_w2v,T->P,42,['taukadial'],pitt,102,495,,,,0.4929292929292929,0.4844495700790694,0.4747866300869543,0.4876187021893959,0.2500564157962799,-0.0429706702497713,0.6176470588235294,0.3408071748878923,0.5333333333333333,0.4222222222222222
acoustic_w2v,T->P,43,['taukadial'],pitt,102,495,,,,0.4727272727272727,0.469893522602954,0.4625854301770791,0.4524119625428647,0.2548826932907104,-0.0734420158180368,0.5551470588235294,0.3721973094170404,0.5189003436426117,0.4068627450980392
acoustic_w2v,T->P,44,['taukadial'],pitt,102,495,,,,0.5535353535353535,0.5497060984306491,0.542756709536926,0.5450821023476655,0.2481494843959808,0.0888442774213084,0.6433823529411765,0.4439461883408072,0.5852842809364549,0.5051020408163265
acoustic_hubert,T->P,42,['taukadial'],pitt,102,495,,,,0.5353535353535354,0.5319573142815918,0.5250233629263734,0.5281175811131628,0.2492812275886535,0.0525817582034122,0.6213235294117647,0.4304932735426009,0.5709459459459459,0.4824120603015075
acoustic_hubert,T->P,43,['taukadial'],pitt,102,495,,,,0.5070707070707071,0.5042394779883543,0.4973029667365898,0.4988212213136376,0.2511915266513824,-0.0037356973997577,0.5882352941176471,0.4080717488789238,0.547945205479452,0.4482758620689655
acoustic_hubert,T->P,44,['taukadial'],pitt,102,495,,,,0.5353535353535354,0.5344771920114386,0.529109589041096,0.5400290160907413,0.2489123195409774,0.0584997875604721,0.5919117647058824,0.4663677130044843,0.575,0.4837209302325581
interaction_only,T->P,42,['taukadial'],pitt,102,495,,,,0.5474747474747474,0.3888071313658781,0.3537859007832898,0.5160824980216302,0.2496303468942642,-0.0407384503683425,0.9963235294117648,0.0,0.548582995951417,0.0
interaction_only,T->P,43,['taukadial'],pitt,102,495,,,,0.5656565656565656,0.5115254682931297,0.4924432828916306,0.5564082695858612,0.2641727924346924,0.0882406862770775,0.8602941176470589,0.2062780269058296,0.5693430656934306,0.5476190476190477
interaction_only,T->P,44,['taukadial'],pitt,102,495,,,,0.5656565656565656,0.5651721857810852,0.5604252630013755,0.5654593115273014,0.3022005558013916,0.1209665771164788,0.6139705882352942,0.5067264573991032,0.6028880866425993,0.518348623853211
fusion_gated,T->P,42,['taukadial'],pitt,102,495,0.3053126335144043,0.138777956366539,0.5559093952178955,0.5474747474747474,0.4965394342170432,0.4776316285380469,0.5115075178053284,0.2489872127771377,0.0419715867230304,0.8308823529411765,0.2017937219730941,0.5594059405940595,0.4945054945054945
fusion_gated,T->P,43,['taukadial'],pitt,102,495,0.695797860622406,0.0618514977395534,0.242350548505783,0.5575757575757576,0.4519327931965087,0.4245438765055924,0.5800003297283038,0.2861131429672241,0.0591234630161883,0.9448529411764706,0.085201793721973,0.5574837310195228,0.5588235294117647
fusion_gated,T->P,44,['taukadial'],pitt,102,495,0.7561259865760803,0.0551162809133529,0.1887577027082443,0.5636363636363636,0.5643352507929681,0.5609107037256061,0.6158335531522026,0.241453543305397,0.1222829239717344,0.5845588235294118,0.5381165919282511,0.6068702290076335,0.5150214592274678
fusion_attn,T->P,42,['taukadial'],pitt,102,495,0.3358453810214996,0.3345185816287994,0.3296359181404114,0.5353535353535354,0.5019919795748256,0.4862735542560104,0.545032643102084,0.2472081631422042,0.0227080822149913,0.7683823529411765,0.2511210762331838,0.5558510638297872,0.4705882352941176
fusion_attn,T->P,43,['taukadial'],pitt,102,495,0.3141204118728637,0.3506135940551758,0.3352661728858948,0.5555555555555556,0.4401921921921922,0.4113513513513513,0.5423536006330784,0.2561716735363006,0.0507137138281679,0.9558823529411764,0.0672645739910313,0.5555555555555556,0.5555555555555556
fusion_attn,T->P,44,['taukadial'],pitt,102,495,0.3243180513381958,0.3384883105754852,0.3371938169002533,0.5313131313131313,0.5286211430053204,0.5220257716511837,0.5514788314428911,0.2629168629646301,0.0457956475881021,0.6102941176470589,0.4349775784753363,0.5684931506849316,0.4778325123152709
linguistic,T->A,42,['taukadial'],adress,102,138,,,,0.5072463768115942,0.459790169120897,0.4620499885347397,0.4826680672268907,0.2529332935810089,0.0287285595192801,0.8088235294117647,0.2142857142857142,0.5,0.5357142857142857
linguistic,T->A,43,['taukadial'],adress,102,138,,,,0.4855072463768116,0.4481163649613545,0.4501374936865144,0.5991596638655462,0.2460574805736541,-0.025115687799758,0.75,0.2285714285714285,0.4857142857142857,0.4848484848484848
linguistic,T->A,44,['taukadial'],adress,102,138,,,,0.5507246376811594,0.5197401299350325,0.5179175118323192,0.5274159663865546,0.3279043138027191,0.109198936680531,0.2941176470588235,0.8,0.5882352941176471,0.5384615384615384
acoustic_egemaps,T->A,42,['taukadial'],adress,102,138,,,,0.5362318840579711,0.4750610357903485,0.4724014336917562,0.5089285714285714,0.2484062910079956,0.0855012477704337,0.1911764705882352,0.8714285714285714,0.5909090909090909,0.5258620689655172
acoustic_egemaps,T->A,43,['taukadial'],adress,102,138,,,,0.5507246376811594,0.5378798579917319,0.5367121507472384,0.5470588235294117,0.2463446408510208,0.1024900077113484,0.3823529411764705,0.7142857142857143,0.5652173913043478,0.5434782608695652
acoustic_egemaps,T->A,44,['taukadial'],adress,102,138,,,,0.6159420289855072,0.6059231253938248,0.6049689440993788,0.6533613445378151,0.2365475594997406,0.2398027500587061,0.4558823529411764,0.7714285714285715,0.6595744680851063,0.5934065934065934
acoustic_w2v,T->A,42,['taukadial'],adress,102,138,,,,0.5,0.4983388704318937,0.4978642619838633,0.5008403361344538,0.2500464916229248,-0.0016919059999163,0.4411764705882353,0.5571428571428572,0.4918032786885246,0.5064935064935064
acoustic_w2v,T->A,43,['taukadial'],adress,102,138,,,,0.4855072463768116,0.4785357998507521,0.4793559700302885,0.514390756302521,0.2520312368869781,-0.0263456523476914,0.6029411764705882,0.3714285714285714,0.4823529411764706,0.490566037735849
acoustic_w2v,T->A,44,['taukadial'],adress,102,138,,,,0.5144927536231884,0.4346821298345536,0.4376938514869549,0.5775210084033614,0.249086707830429,0.0607201699929237,0.8970588235294118,0.1428571428571428,0.5041322314049587,0.5882352941176471
acoustic_hubert,T->A,42,['taukadial'],adress,102,138,,,,0.4347826086956521,0.4340697004871539,0.4343073365566533,0.3994747899159664,0.2641389369964599,-0.1297392517703124,0.4705882352941176,0.4,0.4324324324324324,0.4375
acoustic_hubert,T->A,43,['taukadial'],adress,102,138,,,,0.4782608695652174,0.4682274247491638,0.4692307692307692,0.4802521008403361,0.2593912482261657,-0.0410797729591008,0.6176470588235294,0.3428571428571428,0.4772727272727273,0.48
acoustic_hubert,T->A,44,['taukadial'],adress,102,138,,,,0.5144927536231884,0.4651954389101596,0.4674883372689051,0.5665966386554622,0.2630651593208313,0.0476568855651203,0.8235294117647058,0.2142857142857142,0.5045045045045045,0.5555555555555556
interaction_only,T->A,42,['taukadial'],adress,102,138,,,,0.4927536231884058,0.3494161402039146,0.3537597002943538,0.4588235294117647,0.2580934166908264,-0.0025042294588337,0.9705882352941176,0.0285714285714285,0.4925373134328358,0.5
interaction_only,T->A,43,['taukadial'],adress,102,138,,,,0.5072463768115942,0.406638898302923,0.4101081216997737,0.557563025210084,0.2891866564750671,0.0469668218313862,0.9264705882352942,0.1,0.5,0.5833333333333334
interaction_only,T->A,44,['taukadial'],adress,102,138,,,,0.5289855072463768,0.4986863293499449,0.5004177109440267,0.5826680672268908,0.2803015112876892,0.0748351412892091,0.7794117647058824,0.2857142857142857,0.5145631067961165,0.5714285714285714
fusion_gated,T->A,42,['taukadial'],adress,102,138,0.3579138815402984,0.124550886452198,0.5175352692604065,0.4420289855072464,0.4061361132299347,0.408187134502924,0.4665966386554622,0.2542078793048858,-0.1250471070574527,0.6911764705882353,0.2,0.4563106796116505,0.4
fusion_gated,T->A,43,['taukadial'],adress,102,138,0.7464136481285095,0.0553691089153289,0.1982170492410659,0.5144927536231884,0.3718121369843454,0.3760712598690869,0.6831932773109244,0.310521125793457,0.1469261773384906,1.0,0.0428571428571428,0.5037037037037037,1.0
fusion_gated,T->A,44,['taukadial'],adress,102,138,0.8981483578681946,0.0291647259145975,0.0726868286728859,0.5434782608695652,0.5356160096438052,0.5364436150359904,0.6342436974789916,0.2455205172300338,0.0940016671662653,0.6764705882352942,0.4142857142857143,0.5287356321839081,0.5686274509803921
fusion_attn,T->A,42,['taukadial'],adress,102,138,0.389680951833725,0.3130857646465301,0.297233372926712,0.5072463768115942,0.4298068567263757,0.4327852998065764,0.6323529411764706,0.2904263436794281,0.0374240594282559,0.8823529411764706,0.1428571428571428,0.5,0.5555555555555556
fusion_attn,T->A,43,['taukadial'],adress,102,138,0.3217668235301971,0.3514608144760132,0.3267724215984344,0.4927536231884058,0.3494161402039146,0.3537597002943538,0.6053571428571428,0.2714985311031341,-0.0025042294588337,0.9705882352941176,0.0285714285714285,0.4925373134328358,0.5
fusion_attn,T->A,44,['taukadial'],adress,102,138,0.337128609418869,0.3359135687351227,0.3269577920436859,0.5217391304347826,0.4928630024610337,0.4945615982241954,0.6046218487394958,0.2560575306415558,0.0574058866440313,0.7647058823529411,0.2857142857142857,0.5098039215686274,0.5555555555555556
linguistic,POOL,42,all,pitt,CV,CV,,,,0.7272272660144438,0.7254362756893731,0.7240781878357936,0.8325846663775653,0.2458052784204483,0.4647439957097724,0.7334911233468405,0.726088068996106,0.7694790351898722,0.7007386680991056
linguistic,POOL,42,all,adress,CV,CV,,,,0.7964673913043478,0.7935101242350558,0.7914999604857617,0.924056368978244,0.1611188128590583,0.6034731593213815,0.8679545454545454,0.7230769230769232,0.7680033416875522,0.8482783882783883
linguistic,POOL,42,all,taukadial,CV,CV,,,,0.6053735737946264,0.5871744681187405,0.5649977963213257,0.6666224747474747,0.3618803024291992,0.1673068766018683,0.7337012987012987,0.425,0.6313131313131313,0.5453571428571429
linguistic,POOL,43,all,pitt,CV,CV,,,,0.7537050302342816,0.753309104729791,0.7516781957738907,0.8348133628416093,0.2187528669834137,0.5168825795921066,0.7193380018995783,0.7963896033044968,0.8156174089068825,0.7024485206268887
linguistic,POOL,43,all,adress,CV,CV,,,,0.8765639187574671,0.8763143293452332,0.8754718719766557,0.9475612622671448,0.1139335751533508,0.7576321182052197,0.8989010989010989,0.8560948855066502,0.8620238095238095,0.8982887700534758
linguistic,POOL,43,all,taukadial,CV,CV,,,,0.5709382151029748,0.5702065564107899,0.5641394716394716,0.694002664002664,0.3915296554565429,0.2387485900005532,0.6119658119658119,0.6378787878787879,0.6997435897435897,0.5294155844155843
linguistic,POOL,44,all,pitt,CV,CV,,,,0.7362352038696027,0.7366023241862261,0.7352826182157207,0.8283668670335931,0.2295756340026855,0.4779422939127666,0.7117971644212098,0.7673854136439636,0.7917301160294559,0.684983660130719
linguistic,POOL,44,all,adress,CV,CV,,,,0.8491675191675192,0.8483690796334475,0.8484925364235709,0.9333676837910498,0.1312932386994361,0.70965469510206,0.8630525030525031,0.8376518218623481,0.8480288957688339,0.8708180708180709
linguistic,POOL,44,all,taukadial,CV,CV,,,,0.6056206263636603,0.5992421287750404,0.5829585819835181,0.6788888888888889,0.3384331852197647,0.1970465951777343,0.7097222222222221,0.4716666666666667,0.6336904761904762,0.5809523809523809
acoustic_egemaps,POOL,42,all,pitt,CV,CV,,,,0.5710432494883046,0.5672626737200452,0.5684564156326565,0.6013124014509954,0.250006890296936,0.1641098195856121,0.4756331667626619,0.6849012803208039,0.6517384318068313,0.5160709140502202
acoustic_egemaps,POOL,42,all,adress,CV,CV,,,,0.6379428341384863,0.626446630889804,0.628615999010736,0.7076442307692308,0.2315936475992202,0.3071519544763808,0.8121212121212121,0.4788461538461538,0.5996791443850267,0.725
acoustic_egemaps,POOL,42,all,taukadial,CV,CV,,,,0.6017433443749234,0.5234485927477625,0.4930158654251041,0.5381854256854257,0.2468605726957321,0.1519408470992901,0.9178571428571428,0.2083333333333333,0.5985964912280701,0.4
acoustic_egemaps,POOL,43,all,pitt,CV,CV,,,,0.5218477872509502,0.5192122070645209,0.5210891341073511,0.5754486575681943,0.2548119902610778,0.0663284779356515,0.4610519529731352,0.6048758865248227,0.584709929729277,0.4820295922463726
acoustic_egemaps,POOL,43,all,adress,CV,CV,,,,0.6161433691756273,0.6080596467435178,0.6075689715689716,0.7184496875673346,0.2186436295509338,0.2510793410264526,0.7483516483516484,0.4926641985465515,0.5944510412860796,0.668006993006993
acoustic_egemaps,POOL,43,all,taukadial,CV,CV,,,,0.6693592677345539,0.6587874297073382,0.625759347864611,0.6998528554778556,0.2300229251384735,0.3203902122627314,0.8551282051282051,0.4492640692640693,0.6747619047619048,0.6666666666666666
acoustic_egemaps,POOL,44,all,pitt,CV,CV,,,,0.5626386195885051,0.5571509863384977,0.5594884007156639,0.6050374071905879,0.2462812066078186,0.1514878416395624,0.4533082065389021,0.695023836172947,0.6443750857123439,0.5103940918472653
acoustic_egemaps,POOL,44,all,adress,CV,CV,,,,0.6173862873862874,0.610553894632842,0.611290426619374,0.6956182001919423,0.2311398446559906,0.2386622853040908,0.7042246642246642,0.5337651821862348,0.6075911704394676,0.6317460317460317
acoustic_egemaps,POOL,44,all,taukadial,CV,CV,,,,0.6180656289015423,0.5696808098855437,0.5379138603332152,0.5830555555555555,0.2523191303014755,0.2130975453496225,0.8944444444444445,0.2433333333333333,0.6038157894736842,0.73
acoustic_w2v,POOL,42,all,pitt,CV,CV,,,,0.6645808869879208,0.662746012234414,0.6622840920746567,0.7237277016008192,0.2228803366422653,0.3472345998803027,0.5969184674593406,0.7448921610029972,0.7520469805912136,0.6007868916797487
acoustic_w2v,POOL,42,all,adress,CV,CV,,,,0.6537540257648953,0.6408655744717653,0.6432968350319614,0.7505446289821289,0.2284594565629959,0.3432221685176373,0.7879545454545454,0.535897435897436,0.6310372405372405,0.7356468531468532
acoustic_w2v,POOL,42,all,taukadial,CV,CV,,,,0.5483302662250031,0.5426874700806589,0.5358829158457641,0.5721681096681096,0.2970326542854309,0.1205578718442325,0.5641558441558442,0.5611111111111111,0.622063492063492,0.4946275946275946
acoustic_w2v,POOL,43,all,pitt,CV,CV,,,,0.6646536033945702,0.6657583739739907,0.6630549086767574,0.7119897125024994,0.2422520250082016,0.3322168370142869,0.6404770106740549,0.6926067726599641,0.7199507113739967,0.611412313353014
acoustic_w2v,POOL,43,all,adress,CV,CV,,,,0.7063512544802868,0.6950221217161899,0.696743720899731,0.8058833323539206,0.1964595437049865,0.4562100743665046,0.867032967032967,0.5637734814205403,0.6662710622710624,0.8191919191919192
acoustic_w2v,POOL,43,all,taukadial,CV,CV,,,,0.5251716247139588,0.5145579693634613,0.5143173493173492,0.5426145382395383,0.2880681753158569,0.1813710937823996,0.4579059829059829,0.713939393939394,0.7162393162393162,0.4867685255920549
acoustic_w2v,POOL,44,all,pitt,CV,CV,,,,0.6354626821072162,0.6348301797741162,0.6345752121805331,0.7020651807722104,0.2301671683788299,0.2801439172450982,0.58886807925619,0.6928682170542635,0.6932861275419887,0.585272310528676
acoustic_w2v,POOL,44,all,adress,CV,CV,,,,0.6837703637703638,0.6671849617087711,0.6684281591424448,0.8038813376071907,0.2108169764280319,0.4137697337281742,0.884932844932845,0.4899942163100058,0.630853889943074,0.8294444444444444
acoustic_w2v,POOL,44,all,taukadial,CV,CV,,,,0.5501509498413523,0.5425453225824743,0.5322056766762648,0.4948611111111111,0.2981158018112183,0.0970998901564932,0.5375,0.5566666666666666,0.6184615384615385,0.4817857142857143
acoustic_hubert,POOL,42,all,pitt,CV,CV,,,,0.7250972275367864,0.7249955452797449,0.7226931973646634,0.78984862277028,0.2068034887313842,0.4495237062869791,0.7274395658926828,0.7213976360028526,0.7618028648955638,0.6884685156113728
acoustic_hubert,POOL,42,all,adress,CV,CV,,,,0.7167773752012883,0.7144816349563895,0.7155999192485869,0.7806298562548563,0.2284395903348922,0.4534464637571949,0.7237878787878789,0.7253205128205128,0.7171451914098972,0.7408333333333333
acoustic_hubert,POOL,42,all,taukadial,CV,CV,,,,0.5065084038768249,0.5053017130012036,0.4864140061975376,0.4611544011544011,0.3792484223842621,-0.0193462485141845,0.5380194805194806,0.4444444444444445,0.5466666666666666,0.4321428571428571
acoustic_hubert,POOL,43,all,pitt,CV,CV,,,,0.7310421384296372,0.7311769856894755,0.7284104096452992,0.7973434395845569,0.2055136710405349,0.4617419299032683,0.7359934154515436,0.7261895019873743,0.7669388714733543,0.6943861837984512
acoustic_hubert,POOL,43,all,adress,CV,CV,,,,0.7665424133811231,0.7629864646372656,0.7619327474538528,0.8107088989441931,0.1957028836011886,0.556647577821115,0.8802197802197803,0.6599958864664747,0.720343137254902,0.8536130536130535
acoustic_hubert,POOL,43,all,taukadial,CV,CV,,,,0.5022196796338674,0.4990545673647032,0.4995701017249004,0.5338389388389388,0.3589813232421875,0.1228671052792524,0.5131410256410256,0.6048917748917748,0.6456410256410257,0.4826432391138273
acoustic_hubert,POOL,44,all,pitt,CV,CV,,,,0.7133698454189901,0.7139650092686545,0.7122265539985267,0.7949855732064461,0.1965264916419982,0.428625790779382,0.6920731939006772,0.7380652627506252,0.7644117647058823,0.6627098425577127
acoustic_hubert,POOL,44,all,adress,CV,CV,,,,0.7234727034727035,0.71830236973372,0.7188839040652543,0.7840468443580069,0.2134701162576675,0.4650085300793094,0.8204151404151403,0.6304453441295548,0.6853155616313511,0.7948412698412699
acoustic_hubert,POOL,44,all,taukadial,CV,CV,,,,0.4994168885809752,0.4990404023221361,0.4800385544967588,0.4697222222222222,0.3487163126468658,-0.0347554382287345,0.5666666666666667,0.3933333333333333,0.5507602339181286,0.4196031746031746
interaction_only,POOL,42,all,pitt,CV,CV,,,,0.7417748308439511,0.7383260057279168,0.7377281783585161,0.8290277852703918,0.2293607860803604,0.4944410719961654,0.7212398558291394,0.7682523042330776,0.788699697107585,0.7109940455872872
interaction_only,POOL,42,all,adress,CV,CV,,,,0.7984500805152979,0.7965722611992634,0.7959491258804761,0.9255346736596736,0.1680178821086883,0.6123832593945293,0.8604545454545456,0.741025641025641,0.7670396270396271,0.8571428571428571
interaction_only,POOL,42,all,taukadial,CV,CV,,,,0.6060225739173107,0.6011129689024426,0.5956335282651072,0.6151695526695526,0.3299896150827408,0.2589194494802881,0.6651948051948052,0.5833333333333333,0.6674131424131424,0.6046153846153846
interaction_only,POOL,43,all,pitt,CV,CV,,,,0.7518249146454031,0.7519502541096169,0.7498144743993798,0.8227888178882571,0.2298161894083023,0.5058262116393768,0.7489392873136715,0.7568866417270673,0.7882198968649847,0.7176117853223578
interaction_only,POOL,43,all,adress,CV,CV,,,,0.8728458781362007,0.8729932641206279,0.8724884923196937,0.9419002566061391,0.11215156242251396,0.7505865429876911,0.8989010989010989,0.853311394487865,0.8553571428571429,0.8936130536130535
interaction_only,POOL,43,all,taukadial,CV,CV,,,,0.55675057208238,0.5525187066713517,0.5511148638083623,0.7009367021867021,0.37595468759536743,0.2449717953131969,0.5802350427350427,0.6575757575757576,0.7179487179487178,0.5354761904761904
interaction_only,POOL,44,all,pitt,CV,CV,,,,0.7528381544872452,0.7521019507131534,0.7514033346914794,0.8390229680871754,0.21214926838874817,0.5225905452210032,0.7001700890699967,0.8181657892191408,0.8377210884353742,0.6892794314193861
interaction_only,POOL,44,all,adress,CV,CV,,,,0.8109700909700909,0.8080230328619132,0.8079514907315476,0.8881117883466063,0.16307642608880996,0.6377327098777107,0.820830280830281,0.8009253903990745,0.8254761904761905,0.8292124542124542
interaction_only,POOL,44,all,taukadial,CV,CV,,,,0.5936589038756221,0.5918717338060453,0.5877398205659075,0.6706944444444444,0.3133509874343872,0.21579060999855648,0.6125,0.5983333333333333,0.6619047619047619,0.56
